Date,Open,High,Low,Close,Adj Close,Volume
2020-10-02,12.100000381469727,13.010000228881836,12.050000190734863,12.989999771118164,12.895941734313965,8785600
2020-10-05,13.329999923706055,13.880000114440918,13.050000190734863,13.149999618530273,13.05478286743164,2040800
2020-10-06,13.149999618530273,13.359999656677246,12.75,13.039999961853027,12.945579528808594,901400
2020-10-07,13.020000457763672,13.319999694824219,12.850000381469727,13.180000305175781,13.084565162658691,1333600
2020-10-08,13.25,13.479999542236328,13.100000381469727,13.279999732971191,13.183842658996582,998900
2020-10-09,13.40999984741211,13.65999984741211,13.119999885559082,13.300000190734863,13.20369815826416,410700
2020-10-12,13.399999618530273,13.699999809265137,13.319999694824219,13.449999809265137,13.352611541748047,343600
2020-10-13,13.569999694824219,13.59000015258789,13.300000190734863,13.460000038146973,13.362539291381836,320600
2020-10-14,13.460000038146973,13.640000343322754,13.0,13.3100004196167,13.21362590789795,942500
2020-10-15,12.979999542236328,14.0,12.800000190734863,13.699999809265137,13.600800514221191,438900
2020-10-16,13.699999809265137,13.949999809265137,13.569999694824219,13.920000076293945,13.819208145141602,348700
2020-10-19,14.0,14.199999809265137,13.699999809265137,13.819999694824219,13.719932556152344,598900
2020-10-20,13.949999809265137,14.65999984741211,13.800000190734863,14.489999771118164,14.38508129119873,424300
2020-10-21,14.600000381469727,15.710000038146973,14.600000381469727,14.899999618530273,14.79211139678955,1836500
2020-10-22,14.930000305175781,15.239999771118164,14.260000228881836,14.760000228881836,14.653125762939453,766400
2020-10-23,14.720000267028809,15.050000190734863,14.40999984741211,14.579999923706055,14.474428176879883,496700
2020-10-26,14.420000076293945,14.850000381469727,14.26099967956543,14.800000190734863,14.69283676147461,628100
2020-10-27,15.239999771118164,15.680000305175781,14.880000114440918,14.880000114440918,14.772256851196289,1187000
2020-10-28,14.970000267028809,15.109999656677246,14.140000343322754,14.4399995803833,14.335442543029785,722900
2020-10-29,14.819999694824219,15.0,14.319999694824219,14.65999984741211,14.553849220275879,631800
2020-10-30,14.529999732971191,15.0,14.510000228881836,14.699999809265137,14.593560218811035,728500
2020-11-02,14.989999771118164,15.199999809265137,14.829999923706055,15.130000114440918,15.02044677734375,691400
2020-11-03,15.289999961853027,15.510000228881836,15.050000190734863,15.390000343322754,15.278564453125,637800
2020-11-04,15.380000114440918,15.880000114440918,15.079999923706055,15.720000267028809,15.606175422668457,528800
2020-11-05,16.0,16.600000381469727,15.8100004196167,16.510000228881836,16.39045524597168,526400
2020-11-06,16.790000915527344,17.790000915527344,16.577999114990234,17.5,17.373287200927734,1287600
2020-11-09,18.0,18.069000244140625,15.779999732971191,16.190000534057617,16.072772979736328,1417500
2020-11-10,16.34000015258789,17.389999389648438,16.209999084472656,16.709999084472656,16.589004516601562,634900
2020-11-11,17.469999313354492,17.469999313354492,16.200000762939453,16.479999542236328,16.36067008972168,515800
2020-11-12,16.420000076293945,16.93000030517578,16.059999465942383,16.25,16.132335662841797,304600
2020-11-13,16.25,16.8700008392334,16.059999465942383,16.670000076293945,16.549293518066406,536400
2020-11-16,16.920000076293945,17.0,16.06999969482422,16.43000030517578,16.31103515625,665600
2020-11-17,16.43000030517578,16.489999771118164,15.899999618530273,16.100000381469727,15.983424186706543,566100
2020-11-18,16.219999313354492,16.299999237060547,15.109999656677246,15.220000267028809,15.109794616699219,1023300
2020-11-19,15.380000114440918,15.569999694824219,14.9350004196167,15.239999771118164,15.129650115966797,753300
2020-11-20,15.460000038146973,16.0,15.460000038146973,15.819999694824219,15.705450057983398,2549000
2020-11-23,16.200000762939453,16.399999618530273,15.619999885559082,16.0,15.884146690368652,753400
2020-11-24,16.0,17.049999237060547,15.899999618530273,17.0,16.87690544128418,1031800
2020-11-25,16.739999771118164,17.0,16.270000457763672,16.700000762939453,16.579078674316406,752500
2020-11-27,17.0,17.420000076293945,16.3799991607666,16.579999923706055,16.45994758605957,638300
2020-11-30,17.149999618530273,17.475000381469727,16.200000762939453,16.450000762939453,16.330890655517578,1108300
2020-12-01,16.799999237060547,17.020000457763672,16.5,16.8799991607666,16.757774353027344,990900
2020-12-02,16.65999984741211,17.31999969482422,16.290000915527344,16.40999984741211,16.291179656982422,1200500
2020-12-03,16.40999984741211,16.729999542236328,15.579999923706055,16.200000762939453,16.082700729370117,1034600
2020-12-04,16.469999313354492,16.489999771118164,15.569999694824219,15.880000114440918,15.76501750946045,1068400
2020-12-07,16.200000762939453,16.389999389648438,15.6899995803833,16.190000534057617,16.072772979736328,1482100
2020-12-08,16.040000915527344,16.200000762939453,15.699999809265137,15.960000038146973,15.844437599182129,1314200
2020-12-09,16.170000076293945,17.0,15.710000038146973,16.850000381469727,16.727991104125977,1693100
2020-12-10,18.489999771118164,18.5,16.510000228881836,17.489999771118164,17.363359451293945,3713100
2020-12-11,17.489999771118164,18.360000610351562,17.200000762939453,17.579999923706055,17.45270538330078,2416700
2020-12-14,17.989999771118164,18.350000381469727,17.309999465942383,18.0,17.869665145874023,1187000
2020-12-15,18.040000915527344,19.079999923706055,17.93000030517578,18.5,18.366046905517578,2064300
2020-12-16,18.93000030517578,19.360000610351562,18.75,18.850000381469727,18.713510513305664,1902800
2020-12-17,18.93000030517578,19.440000534057617,18.520000457763672,18.809999465942383,18.673799514770508,1900000
2020-12-18,18.719999313354492,19.229999542236328,18.399999618530273,18.40999984741211,18.276697158813477,4541800
2020-12-21,18.469999313354492,19.06999969482422,18.007999420166016,18.600000381469727,18.465320587158203,1367000
2020-12-22,18.739999771118164,20.239999771118164,18.739999771118164,19.979999542236328,19.835329055786133,1400200
2020-12-23,19.940000534057617,21.170000076293945,19.209999084472656,19.530000686645508,19.388587951660156,1180700
2020-12-24,19.610000610351562,20.229999542236328,19.25,20.139999389648438,19.994171142578125,373400
2020-12-28,20.040000915527344,21.06999969482422,19.566999435424805,20.8799991607666,20.72881317138672,954900
2020-12-29,21.0,21.229999542236328,20.350000381469727,20.979999542236328,20.828086853027344,703200
2020-12-30,20.799999237060547,21.0,20.489999771118164,20.799999237060547,20.649389266967773,685800
2020-12-31,20.670000076293945,20.940000534057617,20.350000381469727,20.729999542236328,20.579898834228516,451800
2021-01-04,20.610000610351562,21.700000762939453,20.59000015258789,21.190000534057617,21.036569595336914,1175700
2021-01-05,21.15999984741211,21.309999465942383,19.8700008392334,20.670000076293945,20.52033233642578,1084800
2021-01-06,20.799999237060547,21.3700008392334,20.34000015258789,21.170000076293945,21.016712188720703,939500
2021-01-07,21.25,21.5,20.399999618530273,20.510000228881836,20.361492156982422,511300
2021-01-08,20.6299991607666,21.079999923706055,20.0,20.780000686645508,20.629535675048828,517400
2021-01-11,20.5,22.5,20.40999984741211,21.889999389648438,21.731496810913086,905100
2021-01-12,21.90999984741211,23.209999084472656,21.85099983215332,22.530000686645508,22.366865158081055,619900
2021-01-13,22.610000610351562,23.239999771118164,21.649999618530273,22.030000686645508,21.870485305786133,707600
2021-01-14,22.15999984741211,22.770000457763672,21.760000228881836,22.56999969482422,22.406572341918945,909600
2021-01-15,22.579999923706055,22.71500015258789,21.670000076293945,22.18000030517578,22.019399642944336,769800
2021-01-19,21.979999542236328,22.450000762939453,21.459999084472656,21.579999923706055,21.423744201660156,625400
2021-01-20,21.579999923706055,22.950000762939453,21.559999465942383,22.520000457763672,22.3569393157959,608900
2021-01-21,22.6299991607666,22.65999984741211,21.65999984741211,21.799999237060547,21.642148971557617,589900
2021-01-22,21.709999084472656,22.5,20.75,22.459999084472656,22.297372817993164,750800
2021-01-25,22.90999984741211,24.950000762939453,22.899999618530273,23.690000534057617,23.51846694946289,1865400
2021-01-26,23.610000610351562,25.0,22.639999389648438,24.290000915527344,24.11412239074707,1481100
2021-01-27,24.3700008392334,26.700000762939453,21.56999969482422,22.079999923706055,21.920124053955078,3098900
2021-01-28,21.5,22.200000762939453,20.309999465942383,21.06999969482422,20.917436599731445,7827600
2021-01-29,20.780000686645508,22.979999542236328,20.780000686645508,21.5,21.344324111938477,4862400
2021-02-01,21.93000030517578,22.950000762939453,21.209999084472656,22.100000381469727,21.939977645874023,3651900
2021-02-02,22.020000457763672,23.0,21.5,22.75,22.58527183532715,2087200
2021-02-03,23.0,24.3799991607666,22.190000534057617,23.6200008392334,23.448972702026367,1592800
2021-02-04,23.6200008392334,24.399999618530273,23.209999084472656,23.93000030517578,23.756729125976562,1516200
2021-02-05,23.90999984741211,24.6299991607666,23.719999313354492,23.920000076293945,23.74679946899414,1418500
2021-02-08,24.149999618530273,24.55500030517578,23.920000076293945,24.0,23.826221466064453,1334200
2021-02-09,24.190000534057617,24.273000717163086,23.040000915527344,23.610000610351562,23.439044952392578,974900
2021-02-10,23.898000717163086,25.700000762939453,23.6200008392334,25.559999465942383,25.37492561340332,1612200
2021-02-11,26.15999984741211,26.649999618530273,24.700000762939453,25.360000610351562,25.176374435424805,1029000
2021-02-12,25.170000076293945,25.624000549316406,24.799999237060547,25.469999313354492,25.28557777404785,465400
2021-02-16,26.33799934387207,26.700000762939453,25.309999465942383,26.079999923706055,25.891159057617188,950700
2021-02-17,26.312000274658203,26.312000274658203,24.780000686645508,25.170000076293945,24.987751007080078,891800
2021-02-18,25.350000381469727,25.389999389648438,24.450000762939453,25.149999618530273,24.9678955078125,673000
2021-02-19,25.309999465942383,25.91900062561035,24.799999237060547,25.149999618530273,24.9678955078125,941000
2021-02-22,25.06999969482422,25.25,24.209999084472656,24.510000228881836,24.332529067993164,783500
2021-02-23,24.1299991607666,25.65999984741211,23.184999465942383,24.530000686645508,24.352384567260742,1150400
2021-02-24,24.690000534057617,25.09000015258789,24.089000701904297,24.889999389648438,24.709774017333984,522200
2021-02-25,25.0,25.3799991607666,24.200000762939453,24.735000610351562,24.55590057373047,812800
2021-02-26,24.579999923706055,24.920000076293945,23.350000381469727,23.959999084472656,23.786508560180664,857200
2021-03-01,24.1200008392334,24.90999984741211,24.030000686645508,24.149999618530273,23.975135803222656,661800
2021-03-02,24.579999923706055,25.399999618530273,24.40999984741211,24.559999465942383,24.382164001464844,827200
2021-03-03,25.110000610351562,26.190000534057617,24.049999237060547,25.209999084472656,25.02745819091797,1886600
2021-03-04,25.881000518798828,26.5,24.1299991607666,25.65999984741211,25.474201202392578,2006100
2021-03-05,25.889999389648438,26.350000381469727,23.600000381469727,24.540000915527344,24.3623104095459,1585200
2021-03-08,24.989999771118164,28.0,24.40999984741211,26.959999084472656,26.764785766601562,3115200
2021-03-09,27.209999084472656,27.5,25.010000228881836,25.09000015258789,24.908329010009766,2245300
2021-03-10,25.67300033569336,25.67300033569336,23.969999313354492,24.579999923706055,24.402021408081055,1815200
2021-03-11,25.06999969482422,25.1299991607666,24.25,25.0,24.818981170654297,993400
2021-03-12,24.75,25.729999542236328,24.729999542236328,25.700000762939453,25.513912200927734,896400
2021-03-15,25.729999542236328,26.06999969482422,25.040000915527344,25.530000686645508,25.345142364501953,929300
2021-03-16,25.649999618530273,25.649999618530273,24.049999237060547,24.25,24.074411392211914,979900
2021-03-17,24.149999618530273,25.489999771118164,24.1299991607666,25.15999984741211,24.977821350097656,845500
2021-03-18,25.110000610351562,26.040000915527344,24.940000534057617,25.09000015258789,24.908329010009766,879200
2021-03-19,24.915000915527344,26.020000457763672,24.770000457763672,25.65999984741211,25.474201202392578,1769400
2021-03-22,25.700000762939453,26.700000762939453,25.190000534057617,25.709999084472656,25.523839950561523,904800
2021-03-23,26.0,26.0,24.450000762939453,24.459999084472656,24.282888412475586,992900
2021-03-24,24.56999969482422,24.8700008392334,23.22800064086914,23.59000015258789,23.419189453125,1651300
2021-03-25,23.280000686645508,24.215999603271484,22.790000915527344,23.93000030517578,23.756729125976562,1647500
2021-03-26,23.920000076293945,24.84000015258789,23.6200008392334,24.649999618530273,24.471513748168945,775600
2021-03-29,24.979999542236328,25.389999389648438,24.049999237060547,24.270000457763672,24.094266891479492,2386100
2021-03-30,24.760000228881836,27.399999618530273,24.22800064086914,26.8799991607666,26.685365676879883,4883000
2021-03-31,25.780000686645508,27.655000686645508,24.5,26.989999771118164,26.794570922851562,5036300
2021-04-01,27.079999923706055,29.3700008392334,26.6200008392334,29.040000915527344,28.829727172851562,3609700
2021-04-05,31.229999542236328,33.25,29.75,31.700000762939453,31.4704647064209,6230100
2021-04-06,33.099998474121094,33.7400016784668,30.1299991607666,31.139999389648438,30.914522171020508,4650600
2021-04-07,31.549999237060547,32.0099983215332,30.40999984741211,30.780000686645508,30.55712890625,2363700
2021-04-08,29.520000457763672,29.690000534057617,28.389999389648438,29.049999237060547,28.83965301513672,7527100
2021-04-09,30.979999542236328,32.0,29.34000015258789,30.84000015258789,30.616695404052734,5548900
2021-04-12,30.12299919128418,32.599998474121094,30.040000915527344,32.290000915527344,32.05619430541992,3405000
2021-04-13,32.31999969482422,32.470001220703125,30.6200008392334,31.68000030517578,31.45060920715332,2722000
2021-04-14,31.709999084472656,32.0,30.35099983215332,30.81999969482422,30.596837997436523,1755400
2021-04-15,30.719999313354492,31.399999618530273,29.75,30.540000915527344,30.318866729736328,1909200
2021-04-16,30.700000762939453,31.059999465942383,29.920000076293945,30.770000457763672,30.547199249267578,1960800
2021-04-19,31.049999237060547,32.0,30.25,31.920000076293945,31.688875198364258,2113400
2021-04-20,32.0,32.130001068115234,30.280000686645508,31.399999618530273,31.172639846801758,2019000
2021-04-21,31.489999771118164,31.790000915527344,30.90999984741211,31.139999389648438,30.914522171020508,1519300
2021-04-22,31.399999618530273,31.549999237060547,30.149999618530273,30.520000457763672,30.29901123046875,1484900
2021-04-23,30.489999771118164,32.4900016784668,30.270000457763672,32.11000061035156,31.87749671936035,1692800
2021-04-26,32.0,32.43000030517578,30.920000076293945,31.420000076293945,31.192495346069336,1531200
2021-04-27,31.329999923706055,32.38999938964844,30.75,31.43000030517578,31.202423095703125,1855900
2021-04-28,31.549999237060547,31.635000228881836,30.829999923706055,30.979999542236328,30.755678176879883,947400
2021-04-29,31.31999969482422,31.489999771118164,30.309999465942383,30.799999237060547,30.576982498168945,1345000
2021-04-30,30.690000534057617,31.079999923706055,29.850000381469727,30.809999465942383,30.5869083404541,1331000
2021-05-03,30.90999984741211,31.719999313354492,30.5,31.18000030517578,30.954233169555664,1203800
2021-05-04,30.229999542236328,31.229999542236328,29.15999984741211,30.799999237060547,30.576982498168945,3489200
2021-05-05,31.229999542236328,33.75,31.0,33.290000915527344,33.04895782470703,5507600
2021-05-06,34.72999954223633,36.599998474121094,32.0,34.0099983215332,33.763736724853516,14253300
2021-05-07,34.18000030517578,35.0,33.599998474121094,33.810001373291016,33.565189361572266,3544700
2021-05-10,34.70000076293945,35.47999954223633,33.189998626708984,33.29999923706055,33.05887985229492,4721000
2021-05-11,33.0,35.75,32.17399978637695,35.06999969482422,34.81606674194336,3175100
2021-05-12,35.619998931884766,36.09000015258789,33.75,33.95000076293945,33.70417404174805,3578600
2021-05-13,34.20000076293945,35.150001525878906,33.900001525878906,34.810001373291016,34.55794906616211,1961300
2021-05-14,35.029998779296875,35.70000076293945,34.47999954223633,35.619998931884766,35.362083435058594,1713200
2021-05-17,35.4900016784668,36.439998626708984,34.86000061035156,35.36000061035156,35.103965759277344,2625000
2021-05-18,35.619998931884766,35.95000076293945,34.77000045776367,35.099998474121094,34.84584426879883,1189300
2021-05-19,34.720001220703125,34.88999938964844,33.529998779296875,34.22999954223633,33.98214340209961,1483500
2021-05-20,34.27000045776367,34.400001525878906,33.599998474121094,34.099998474121094,33.85308837890625,1405700
2021-05-21,34.41999816894531,34.470001220703125,33.69200134277344,33.779998779296875,33.53540802001953,1015700
2021-05-24,33.880001068115234,34.13999938964844,33.11000061035156,33.65999984741211,33.4162712097168,1934900
2021-05-25,34.27000045776367,34.45000076293945,33.220001220703125,33.380001068115234,33.13829803466797,1667100
2021-05-26,34.16999816894531,36.400001525878906,34.099998474121094,35.279998779296875,35.02454376220703,3838500
2021-05-27,35.599998474121094,36.47999954223633,35.470001220703125,36.0,35.73933029174805,2902400
2021-05-28,36.25,37.060001373291016,35.7599983215332,36.529998779296875,36.26549530029297,1945100
2021-06-01,37.0,37.7400016784668,36.599998474121094,37.25,36.98027801513672,2108100
2021-06-02,37.7599983215332,37.900001525878906,36.560001373291016,37.060001373291016,36.791656494140625,1627100
2021-06-03,36.75,37.540000915527344,36.02000045776367,36.7599983215332,36.49382781982422,1560100
2021-06-04,37.25,37.349998474121094,36.060001373291016,37.119998931884766,36.85122299194336,1567900
2021-06-07,38.04999923706055,38.34000015258789,37.0099983215332,37.779998779296875,37.50644302368164,3397300
2021-06-08,40.25,40.47999954223633,37.36000061035156,39.650001525878906,39.36289978027344,5269100
2021-06-09,39.68000030517578,40.970001220703125,39.36000061035156,39.900001525878906,39.6110954284668,2728500
2021-06-10,39.869998931884766,41.029998779296875,39.41999816894531,40.029998779296875,39.74014663696289,3061300
2021-06-11,40.41999816894531,41.7400016784668,40.20000076293945,41.709999084472656,41.40798568725586,2785300
2021-06-14,41.84000015258789,41.98400115966797,40.599998474121094,41.689998626708984,41.38813018798828,1761500
2021-06-15,41.369998931884766,41.45500183105469,38.54999923706055,39.369998931884766,39.084930419921875,2909300
2021-06-16,39.04999923706055,39.68000030517578,37.630001068115234,38.959999084472656,38.677894592285156,2648300
2021-06-17,38.7599983215332,39.41699981689453,37.25,37.77000045776367,37.49651336669922,2276400
2021-06-18,37.459999084472656,38.970001220703125,37.349998474121094,38.43000030517578,38.151737213134766,2617000
2021-06-21,38.540000915527344,40.040000915527344,38.540000915527344,39.93000030517578,39.64087677001953,2343200
2021-06-22,40.150001525878906,40.86000061035156,40.0,40.61000061035156,40.31595230102539,1883100
2021-06-23,40.70000076293945,41.849998474121094,40.02000045776367,41.70000076293945,41.3980598449707,1990700
2021-06-24,41.72999954223633,42.709999084472656,41.42499923706055,42.33000183105469,42.023502349853516,1773900
2021-06-25,42.5,42.75,42.11000061035156,42.40999984741211,42.10292053222656,4391500
2021-06-28,42.40999984741211,42.630001068115234,40.4010009765625,40.43000030517578,40.13725280761719,1944400
2021-06-29,40.709999084472656,41.28300094604492,40.36000061035156,40.40999984741211,40.117401123046875,2361300
2021-06-30,40.209999084472656,42.36000061035156,40.143001556396484,41.2400016784668,40.94139099121094,2182800
2021-07-01,41.869998931884766,42.2599983215332,41.31999969482422,41.529998779296875,41.22929000854492,1344500
2021-07-02,41.5,41.790000915527344,40.95000076293945,41.7400016784668,41.43777084350586,853900
2021-07-06,41.9900016784668,42.11000061035156,39.20000076293945,40.470001220703125,40.17696762084961,1827500
2021-07-07,40.29999923706055,40.729000091552734,39.06999969482422,40.34000015258789,40.047908782958984,1656800
2021-07-08,39.244998931884766,39.869998931884766,37.88800048828125,39.380001068115234,39.09485626220703,1835000
2021-07-09,39.220001220703125,40.2400016784668,38.7599983215332,40.02000045776367,39.730224609375,1908600
2021-07-12,40.04999923706055,40.65999984741211,39.400001525878906,40.43000030517578,40.13725280761719,1381200
2021-07-13,38.97999954223633,39.5,38.27000045776367,38.56999969482422,38.29072189331055,4645900
2021-07-14,38.599998474121094,39.400001525878906,38.11000061035156,38.439998626708984,38.16166305541992,1864900
2021-07-15,38.29999923706055,38.3849983215332,35.54999923706055,36.79999923706055,36.533538818359375,4627200
2021-07-16,36.9900016784668,37.56999969482422,34.869998931884766,35.75,35.49114227294922,3790100
2021-07-19,35.0,36.334999084472656,34.56999969482422,35.310001373291016,35.05432891845703,2425200
2021-07-20,36.28200149536133,37.540000915527344,35.20000076293945,36.900001525878906,36.6328125,2735500
2021-07-21,37.13999938964844,38.470001220703125,37.13999938964844,38.20000076293945,37.923404693603516,1824200
2021-07-22,38.209999084472656,38.290000915527344,36.79999923706055,37.060001373291016,36.791656494140625,1317200
2021-07-23,36.93000030517578,37.77000045776367,36.7400016784668,37.22999954223633,36.960426330566406,1111300
2021-07-26,37.27000045776367,38.02000045776367,36.540000915527344,36.7400016784668,36.473976135253906,774300
2021-07-27,36.494998931884766,36.5,34.58000183105469,35.97999954223633,35.71947479248047,2764600
2021-07-28,35.959999084472656,37.119998931884766,35.65999984741211,36.310001373291016,36.04708480834961,1362100
2021-07-29,36.75,37.31999969482422,36.33000183105469,37.18000030517578,36.91078567504883,1068400
2021-07-30,36.52000045776367,37.45000076293945,36.52000045776367,37.04999923706055,36.7817268371582,1289400
2021-08-02,37.150001525878906,38.04999923706055,36.63999938964844,36.7599983215332,36.49382781982422,1522800
2021-08-03,36.97999954223633,37.18000030517578,35.79999923706055,36.650001525878906,36.38462448120117,938600
2021-08-04,36.599998474121094,36.7599983215332,34.5,34.709999084472656,34.458675384521484,2169100
2021-08-05,34.7599983215332,35.63999938964844,34.34000015258789,34.7400016784668,34.48845672607422,1254600
2021-08-06,35.09000015258789,35.68000030517578,34.65999984741211,35.25,34.9947624206543,1102500
2021-08-09,34.97999954223633,35.130001068115234,33.79999923706055,33.959999084472656,33.7140998840332,2036700
2021-08-10,33.880001068115234,36.43000030517578,33.54999923706055,35.79999923706055,35.54077911376953,1917700
2021-08-11,36.04999923706055,37.38999938964844,35.52000045776367,37.130001068115234,36.861148834228516,2007600
2021-08-12,37.11000061035156,38.33000183105469,36.880001068115234,37.560001373291016,37.28803634643555,3215600
2021-08-13,37.40999984741211,38.220001220703125,36.529998779296875,36.88999938964844,36.622886657714844,1176400
2021-08-16,36.83000183105469,37.38999938964844,36.08000183105469,37.34000015258789,37.06962966918945,1085300
2021-08-17,36.75,36.81999969482422,35.119998931884766,35.90999984741211,35.649986267089844,1748600
2021-08-18,36.0,36.84000015258789,35.619998931884766,35.689998626708984,35.43157196044922,983200
2021-08-19,35.2400016784668,36.209999084472656,34.79399871826172,35.029998779296875,34.77635192871094,1171700
2021-08-20,35.220001220703125,37.29999923706055,35.189998626708984,37.08000183105469,36.81151580810547,1711100
2021-08-23,37.52000045776367,38.599998474121094,37.29999923706055,38.33000183105469,38.052459716796875,2321700
2021-08-24,38.63999938964844,40.02000045776367,38.4900016784668,39.61000061035156,39.32318878173828,2109600
2021-08-25,42.5,43.09000015258789,40.849998474121094,42.09000015258789,41.78523254394531,4899400
2021-08-26,41.86000061035156,42.900001525878906,41.0,42.75,42.440452575683594,1714900
2021-08-27,42.959999084472656,43.0,41.619998931884766,42.189998626708984,41.8845100402832,1418600
2021-08-30,42.56999969482422,43.5,41.80799865722656,43.400001525878906,43.08574676513672,1650900
2021-08-31,43.63999938964844,44.439998626708984,42.20000076293945,44.27000045776367,43.94944763183594,2751200
2021-09-01,44.15999984741211,45.0,43.66999816894531,44.459999084472656,44.1380729675293,2539700
2021-09-02,44.77000045776367,45.45000076293945,44.209999084472656,44.560001373291016,44.23735046386719,2197800
2021-09-03,44.5,44.880001068115234,44.20000076293945,44.52000045776367,44.19763946533203,1863000
2021-09-07,44.619998931884766,45.915000915527344,44.34000015258789,45.13999938964844,44.81314468383789,3009100
2021-09-08,44.7599983215332,44.9900016784668,42.150001525878906,43.400001525878906,43.08574676513672,5048400
2021-09-09,41.68000030517578,45.470001220703125,39.04999923706055,44.06999969482422,43.75090026855469,8609700
2021-09-10,45.4900016784668,46.15999984741211,44.130001068115234,45.7400016784668,45.40880584716797,2878300
2021-09-13,45.189998626708984,46.564998626708984,44.529998779296875,46.15999984741211,45.825767517089844,2635300
2021-09-14,46.15999984741211,46.45000076293945,44.939998626708984,45.310001373291016,44.9819221496582,2349600
2021-09-15,45.939998626708984,47.650001525878906,45.560001373291016,45.91999816894531,45.58749771118164,10205400
2021-09-16,46.380001068115234,47.38999938964844,45.68000030517578,46.060001373291016,45.72649002075195,3340900
2021-09-17,45.50400161743164,46.029998779296875,43.900001525878906,44.13999938964844,43.82038879394531,8073100
2021-09-20,42.08000183105469,43.64899826049805,41.95000076293945,43.06999969482422,42.75813674926758,4042400
2021-09-21,43.34000015258789,43.72999954223633,42.334999084472656,42.70000076293945,42.39081954956055,1801100
2021-09-22,43.31999969482422,43.72999954223633,42.25,42.61000061035156,42.30147171020508,3451100
2021-09-23,43.141998291015625,43.40999984741211,42.20000076293945,42.290000915527344,41.98379135131836,2279600
2021-09-24,42.0,42.849998474121094,41.560001373291016,42.11000061035156,41.805091857910156,2142300
2021-09-27,42.060001373291016,43.33000183105469,41.630001068115234,42.7599983215332,42.450382232666016,1707700
2021-09-28,42.4900016784668,42.95000076293945,41.63999938964844,41.790000915527344,41.48740768432617,1877300
2021-09-29,42.220001220703125,42.55400085449219,40.959999084472656,41.11000061035156,40.81233215332031,1588500
2021-09-30,40.790000915527344,41.0,39.709999084472656,40.02000045776367,39.730224609375,3138300
2021-10-01,40.04999923706055,40.400001525878906,38.70000076293945,40.189998626708984,39.898990631103516,3172700
2021-10-04,40.0,40.97999954223633,39.599998474121094,40.470001220703125,40.17696762084961,1483800
2021-10-05,40.66999816894531,41.060001373291016,39.54999923706055,39.93000030517578,39.64087677001953,2210200
2021-10-06,39.619998931884766,41.0,39.5099983215332,40.900001525878906,40.60385513305664,2833700
2021-10-07,41.70000076293945,42.470001220703125,41.060001373291016,41.91999816894531,41.61646270751953,2587500
2021-10-08,41.939998626708984,42.150001525878906,40.540000915527344,40.68000030517578,40.38544464111328,1724600
2021-10-11,40.36000061035156,41.369998931884766,40.09000015258789,40.279998779296875,39.98834228515625,1377700
2021-10-12,40.279998779296875,40.720001220703125,39.61000061035156,39.689998626708984,39.402610778808594,1565900
2021-10-13,39.75,40.95000076293945,39.75,40.88999938964844,40.59392166137695,1648100
2021-10-14,41.099998474121094,41.4900016784668,40.31999969482422,41.04999923706055,40.75276565551758,1100600
2021-10-15,41.689998626708984,41.849998474121094,40.369998931884766,40.459999084472656,40.16703414916992,1594300
2021-10-18,40.22999954223633,41.91999816894531,40.04999923706055,41.22999954223633,40.931461334228516,1597800
2021-10-19,41.83000183105469,42.279998779296875,40.599998474121094,40.86000061035156,40.564144134521484,1248800
2021-10-20,40.77000045776367,41.9900016784668,40.52000045776367,41.5,41.19950866699219,1004400
2021-10-21,41.5,43.849998474121094,41.5,42.2400016784668,41.934146881103516,3698600
2021-10-22,41.97999954223633,43.61000061035156,40.900001525878906,43.310001373291016,42.99640655517578,2185200
2021-10-25,43.310001373291016,45.0,43.310001373291016,44.619998931884766,44.29691696166992,3026400
2021-10-26,45.279998779296875,45.43000030517578,43.31999969482422,44.31999969482422,43.999088287353516,1631600
2021-10-27,43.97999954223633,44.125,42.40999984741211,42.689998626708984,42.380889892578125,1363200
2021-10-28,42.65999984741211,43.599998474121094,42.63999938964844,42.970001220703125,42.65886688232422,1114100
2021-10-29,43.130001068115234,43.689998626708984,42.45000076293945,42.779998779296875,42.470237731933594,1330300
2021-11-01,43.15999984741211,44.08000183105469,41.86000061035156,42.439998626708984,42.13269805908203,2106900
2021-11-02,42.97999954223633,44.13999938964844,42.7400016784668,43.900001525878906,43.582130432128906,1405400
2021-11-03,43.584999084472656,47.26499938964844,43.584999084472656,46.97999954223633,46.63982391357422,6893500
2021-11-04,47.303001403808594,48.16999816894531,46.16999816894531,46.47999954223633,46.14344787597656,2337100
2021-11-05,46.619998931884766,47.20000076293945,44.72999954223633,45.97999954223633,45.64706802368164,1902100
2021-11-08,46.25,47.69900131225586,45.380001068115234,46.5,46.16330337524414,1469400
2021-11-09,46.47999954223633,47.869998931884766,45.95000076293945,47.369998931884766,47.02700424194336,2272000
2021-11-10,46.83000183105469,47.66400146484375,44.77000045776367,45.529998779296875,45.20032501220703,2512500
2021-11-11,45.88999938964844,46.83000183105469,45.5,46.68000030517578,46.34199905395508,1063800
2021-11-12,46.88999938964844,47.61000061035156,46.380001068115234,47.099998474121094,46.75896072387695,1000500
2021-11-15,47.59000015258789,48.439998626708984,46.5,47.880001068115234,47.53330993652344,1579500
2021-11-16,47.7400016784668,48.36000061035156,47.2599983215332,47.9900016784668,47.64251708984375,1693600
2021-11-17,48.150001525878906,49.22999954223633,47.540000915527344,48.060001373291016,47.712005615234375,1783700
2021-11-18,48.060001373291016,49.90999984741211,48.060001373291016,49.7400016784668,49.379844665527344,2849200
2021-11-19,49.349998474121094,50.970001220703125,48.900001525878906,50.13999938964844,49.776947021484375,2372300
2021-11-22,50.56999969482422,51.08000183105469,48.02000045776367,48.56999969482422,48.21831512451172,2696500
2021-11-23,47.834999084472656,48.720001220703125,45.029998779296875,48.369998931884766,48.01976013183594,4760600
2021-11-24,47.95000076293945,47.95000076293945,45.630001068115234,47.11000061035156,46.76888656616211,4535500
2021-11-26,45.59000015258789,47.25,44.52000045776367,46.029998779296875,45.69670104980469,2372300
2021-11-29,46.720001220703125,47.72999954223633,46.029998779296875,46.16999816894531,45.835693359375,4061700
2021-11-30,45.75,45.9900016784668,43.650001525878906,44.619998931884766,44.29691696166992,4051600
2021-12-01,45.779998779296875,45.900001525878906,43.16999816894531,43.16999816894531,42.8574104309082,3157600
2021-12-02,43.16999816894531,44.38999938964844,42.869998931884766,43.060001373291016,42.74821090698242,3049100
2021-12-03,43.599998474121094,43.63999938964844,40.75,41.2599983215332,40.961238861083984,3879700
2021-12-06,41.84000015258789,42.470001220703125,40.75,41.91999816894531,41.61646270751953,3050700
2021-12-07,42.79999923706055,44.55500030517578,42.79999923706055,43.52000045776367,43.20487976074219,2060400
2021-12-08,43.900001525878906,44.349998474121094,42.810001373291016,43.36000061035156,43.04603576660156,2529100
2021-12-09,44.25,45.380001068115234,42.83000183105469,43.22999954223633,42.9169807434082,3835800
2021-12-10,46.09000015258789,47.47999954223633,42.5,46.900001525878906,46.56040573120117,10224000
2021-12-13,46.99399948120117,47.459999084472656,42.41600036621094,42.52000045776367,42.21212387084961,5451600
2021-12-14,43.209999084472656,44.13999938964844,41.849998474121094,42.060001373291016,41.755455017089844,4495200
2021-12-15,41.900001525878906,42.8650016784668,40.82600021362305,42.59000015258789,42.2816162109375,3477200
2021-12-16,43.27000045776367,43.27000045776367,38.720001220703125,39.02000045776367,38.737464904785156,4822300
2021-12-17,38.810001373291016,40.25,38.36000061035156,40.040000915527344,39.75008010864258,3762100
2021-12-20,39.43000030517578,39.64899826049805,37.93000030517578,38.47999954223633,38.20137405395508,3444400
2021-12-21,39.16999816894531,40.619998931884766,39.16999816894531,40.16999816894531,39.87913513183594,2281500
2021-12-22,39.9900016784668,40.68600082397461,39.369998931884766,40.29999923706055,40.00819778442383,1617200
2021-12-23,40.29999923706055,40.59000015258789,39.0099983215332,40.130001068115234,39.83942794799805,1753900
2021-12-27,40.439998626708984,41.79999923706055,39.939998626708984,41.7599983215332,41.45762634277344,2236200
2021-12-28,41.709999084472656,41.939998626708984,40.849998474121094,40.970001220703125,40.67333984375,1516700
2021-12-29,41.362998962402344,41.65999984741211,40.88999938964844,41.41999816894531,41.12008285522461,1979700
2021-12-30,41.099998474121094,43.16999816894531,41.099998474121094,42.720001220703125,42.41067886352539,1817800
2021-12-31,42.650001525878906,44.2599983215332,42.5,43.900001525878906,43.582130432128906,1952200
2022-01-03,44.02000045776367,45.4900016784668,43.959999084472656,44.209999084472656,43.8898811340332,2177500
2022-01-04,44.150001525878906,44.79999923706055,42.52000045776367,43.09000015258789,42.777992248535156,1727600
2022-01-05,43.215999603271484,43.709999084472656,41.540000915527344,41.619998931884766,41.318634033203125,1712200
2022-01-06,42.41999816894531,43.27000045776367,41.430999755859375,41.81999969482422,41.517189025878906,2008200
2022-01-07,41.59000015258789,42.599998474121094,40.599998474121094,40.66999816894531,40.37551498413086,2678500
2022-01-10,40.099998474121094,40.099998474121094,37.150001525878906,38.54999923706055,38.27086639404297,4288500
2022-01-11,38.59000015258789,39.52000045776367,37.439998626708984,39.5,39.213985443115234,2640100
2022-01-12,40.0,41.029998779296875,39.939998626708984,40.18000030517578,39.889060974121094,1619900
2022-01-13,41.130001068115234,41.459999084472656,39.95000076293945,40.060001373291016,39.769935607910156,2365800
2022-01-14,39.61000061035156,39.790000915527344,37.720001220703125,38.40999984741211,38.13187789916992,2686600
2022-01-18,38.369998931884766,39.540000915527344,37.5099983215332,38.849998474121094,38.568695068359375,2224300
2022-01-19,39.02000045776367,39.880001068115234,38.060001373291016,38.77000045776367,38.48927688598633,1974700
2022-01-20,39.04999923706055,39.560001373291016,37.20000076293945,37.20000076293945,36.930641174316406,4288000
2022-01-21,36.709999084472656,37.22999954223633,35.400001525878906,36.33000183105469,36.06694030761719,4209900
2022-01-24,34.439998626708984,38.45000076293945,33.880001068115234,38.400001525878906,38.121952056884766,3023500
2022-01-25,37.5099983215332,38.13999938964844,36.52000045776367,37.72999954223633,37.45680618286133,1581700
2022-01-26,38.540000915527344,38.810001373291016,36.189998626708984,36.900001525878906,36.6328125,1815200
2022-01-27,37.66999816894531,38.5,36.77000045776367,36.880001068115234,36.61296081542969,1273000
2022-01-28,36.86000061035156,37.709999084472656,36.279998779296875,37.65999984741211,37.38731002807617,1612800
2022-01-31,37.400001525878906,39.27000045776367,37.38999938964844,38.900001525878906,38.61833572387695,1707900
2022-02-01,38.900001525878906,40.52000045776367,38.720001220703125,40.41999816894531,40.127323150634766,2730400
2022-02-02,40.599998474121094,40.849998474121094,39.33000183105469,39.43000030517578,39.14449691772461,2113000
2022-02-03,39.31999969482422,39.5099983215332,37.18000030517578,37.369998931884766,37.09941101074219,1974800
2022-02-04,37.439998626708984,37.630001068115234,35.685001373291016,36.7599983215332,36.49382781982422,2777900
2022-02-07,36.79999923706055,37.45000076293945,36.290000915527344,37.040000915527344,36.77180480957031,1831400
2022-02-08,36.9900016784668,38.7599983215332,36.584999084472656,38.349998474121094,38.07231521606445,1960500
2022-02-09,38.86800003051758,39.380001068115234,38.459999084472656,39.0099983215332,38.727535247802734,1108000
2022-02-10,38.2400016784668,39.7599983215332,37.650001525878906,37.880001068115234,37.60572052001953,2342300
2022-02-11,37.81999969482422,37.970001220703125,36.06399917602539,36.4900016784668,36.22578811645508,2247200
2022-02-14,36.43000030517578,36.71699905395508,33.90999984741211,34.33000183105469,34.08142852783203,3985900
2022-02-15,34.79999923706055,36.2599983215332,34.75,36.18000030517578,35.91802978515625,2146400
2022-02-16,35.77000045776367,36.16999816894531,34.43000030517578,35.310001373291016,35.05432891845703,2076200
2022-02-17,34.78499984741211,35.290000915527344,33.959999084472656,34.119998931884766,33.87294006347656,1971200
2022-02-18,33.709999084472656,34.849998474121094,33.130001068115234,34.27000045776367,34.021854400634766,3568100
2022-02-22,34.04999923706055,35.04999923706055,32.93000030517578,33.16999816894531,32.9298210144043,2515100
2022-02-23,33.400001525878906,33.619998931884766,31.645000457763672,31.760000228881836,31.5300350189209,2089000
2022-02-24,30.31999969482422,33.0099983215332,30.030000686645508,32.689998626708984,32.45329666137695,2585600
2022-02-25,32.38999938964844,33.09000015258789,31.399999618530273,33.02000045776367,32.78091049194336,2281500
2022-02-28,32.59000015258789,33.09000015258789,31.790000915527344,32.369998931884766,32.135616302490234,2119200
2022-03-01,32.15999984741211,32.63999938964844,30.450000762939453,30.649999618530273,30.428068161010742,2382400
2022-03-02,30.93000030517578,32.965999603271484,30.280000686645508,32.290000915527344,32.05619430541992,2757800
2022-03-03,32.290000915527344,32.459999084472656,30.93000030517578,32.13999938964844,31.907278060913086,1679400
2022-03-04,31.600000381469727,32.279998779296875,30.549999237060547,32.099998474121094,31.867568969726562,2501700
2022-03-07,32.15999984741211,32.72999954223633,29.93000030517578,29.950000762939453,29.733139038085938,3188900
2022-03-08,30.15999984741211,32.31999969482422,29.739999771118164,30.90999984741211,30.686185836791992,3420300
2022-03-09,31.770000457763672,33.18000030517578,31.639999389648438,32.72999954223633,32.49300765991211,1594100
2022-03-10,32.02000045776367,32.88999938964844,31.459999084472656,32.720001220703125,32.48308563232422,1717200
2022-03-11,33.0,33.2599983215332,31.610000610351562,31.68000030517578,31.45060920715332,1297200
2022-03-14,33.70000076293945,35.69499969482422,33.099998474121094,34.41999816894531,34.17076873779297,10514400
2022-03-15,34.560001373291016,36.0,34.04999923706055,35.79999923706055,35.54077911376953,23329400
2022-03-16,35.59000015258789,36.20000076293945,34.849998474121094,36.09000015258789,35.903900146484375,4424600
2022-03-17,35.59000015258789,36.77000045776367,35.5099983215332,36.650001525878906,36.46100997924805,2893700
2022-03-18,36.40999984741211,38.900001525878906,36.40999984741211,38.650001525878906,38.45069885253906,5344400
2022-03-21,38.720001220703125,39.36000061035156,36.40999984741211,37.08000183105469,36.8887939453125,3163700
2022-03-22,37.849998474121094,38.91999816894531,37.209999084472656,38.220001220703125,38.022911071777344,3309800
2022-03-23,37.7400016784668,38.57500076293945,37.529998779296875,37.54999923706055,37.35636520385742,2435400
2022-03-24,37.56999969482422,37.834999084472656,36.95000076293945,37.31999969482422,37.1275520324707,2372800
2022-03-25,37.779998779296875,37.779998779296875,36.22999954223633,36.529998779296875,36.34162902832031,2454700
2022-03-28,36.369998931884766,36.75,35.65999984741211,36.189998626708984,36.003379821777344,4523200
2022-03-29,38.720001220703125,40.02000045776367,37.540000915527344,39.529998779296875,39.32615661621094,8728900
2022-03-30,39.5099983215332,40.540000915527344,38.349998474121094,39.16999816894531,38.968013763427734,4364500
2022-03-31,39.31999969482422,39.84000015258789,38.41999816894531,39.400001525878906,39.19683074951172,3974700
2022-04-01,39.83000183105469,40.16999816894531,38.54999923706055,38.810001373291016,38.6098747253418,3320400
2022-04-04,39.11000061035156,39.119998931884766,38.33000183105469,38.599998474121094,38.40095138549805,2826600
2022-04-05,38.27000045776367,38.599998474121094,37.52000045776367,38.13999938964844,37.94332504272461,2459800
2022-04-06,37.810001373291016,38.0,36.5099983215332,37.310001373291016,37.11760711669922,3205400
2022-04-07,37.16999816894531,38.869998931884766,36.939998626708984,38.5,38.30147171020508,2641500
2022-04-08,38.31999969482422,39.220001220703125,37.91999816894531,38.63999938964844,38.44074630737305,2193400
2022-04-11,38.52000045776367,39.47999954223633,38.11000061035156,38.560001373291016,38.36116027832031,2312800
2022-04-12,38.790000915527344,39.939998626708984,38.790000915527344,39.099998474121094,38.89837646484375,3139100
2022-04-13,39.02000045776367,40.400001525878906,38.9900016784668,40.209999084472656,40.00265121459961,1913100
2022-04-14,40.279998779296875,41.119998931884766,40.21200180053711,40.27000045776367,40.06234359741211,2274500
2022-04-18,40.20000076293945,40.45000076293945,39.25,39.97999954223633,39.77383804321289,2865500
2022-04-19,39.90999984741211,41.970001220703125,39.90999984741211,41.709999084472656,41.49491882324219,2364500
2022-04-20,41.93000030517578,42.77000045776367,41.720001220703125,42.18000030517578,41.96249771118164,2386700
2022-04-21,42.810001373291016,43.16999816894531,40.869998931884766,40.9900016784668,40.77863311767578,1769500
2022-04-22,40.779998779296875,40.779998779296875,38.90700149536133,38.9900016784668,38.788944244384766,2146000
2022-04-25,38.689998626708984,39.7599983215332,38.27000045776367,39.720001220703125,39.51517868041992,1578200
2022-04-26,39.31999969482422,39.599998474121094,38.15999984741211,38.15999984741211,37.963226318359375,1393100
2022-04-27,38.20000076293945,38.34000015258789,36.939998626708984,37.5099983215332,37.31657028198242,2660900
2022-04-28,37.869998931884766,38.97999954223633,37.08000183105469,38.779998779296875,38.58002471923828,1359000
2022-04-29,38.310001373291016,38.779998779296875,37.189998626708984,37.36000061035156,37.1673469543457,1595600
2022-05-02,37.54999923706055,38.29499816894531,36.52000045776367,38.220001220703125,38.022911071777344,1679800
2022-05-03,38.38999938964844,39.2400016784668,37.7599983215332,38.95000076293945,38.749149322509766,1078100
2022-05-04,38.7400016784668,39.790000915527344,37.77000045776367,39.56999969482422,39.36595153808594,1143300
2022-05-05,38.86000061035156,39.220001220703125,37.560001373291016,38.79999923706055,38.59992218017578,1599100
2022-05-06,38.43000030517578,38.57500076293945,36.80099868774414,37.68000030517578,37.48569869995117,1587100
2022-05-09,37.09000015258789,37.189998626708984,35.540000915527344,35.970001220703125,35.784515380859375,2253000
2022-05-10,36.63999938964844,37.209999084472656,35.18000030517578,35.810001373291016,35.625343322753906,1319100
2022-05-11,36.43000030517578,37.04600143432617,34.3849983215332,34.4900016784668,34.31214904785156,2212000
2022-05-12,34.09000015258789,36.709999084472656,33.709999084472656,35.25,35.06822967529297,2404100
2022-05-13,35.540000915527344,36.70000076293945,35.540000915527344,36.619998931884766,36.4311637878418,1456400
2022-05-16,36.220001220703125,36.5099983215332,35.43000030517578,36.08000183105469,35.893951416015625,1285000
2022-05-17,36.66999816894531,37.220001220703125,35.29999923706055,37.029998779296875,36.839054107666016,1814100
2022-05-18,35.18000030517578,35.2400016784668,31.149999618530273,32.2599983215332,32.09364700317383,9201900
2022-05-19,31.719999313354492,32.400001525878906,30.260000228881836,31.549999237060547,31.38730812072754,4617200
2022-05-20,31.790000915527344,31.93000030517578,29.530000686645508,30.829999923706055,30.6710205078125,3495300
2022-05-23,31.1200008392334,31.270000457763672,30.030000686645508,30.229999542236328,30.074113845825195,3242500
2022-05-24,29.520000457763672,29.746999740600586,26.700000762939453,27.610000610351562,27.467626571655273,5506200
2022-05-25,25.200000762939453,31.170000076293945,25.100000381469727,31.06999969482422,30.9097843170166,7171000
2022-05-26,31.600000381469727,34.33000183105469,31.489999771118164,33.97999954223633,33.804779052734375,4098900
2022-05-27,33.68000030517578,34.599998474121094,33.31700134277344,34.40999984741211,34.23256301879883,2354600
2022-05-31,34.029998779296875,34.61000061035156,32.974998474121094,33.5099983215332,33.33720397949219,2264800
2022-06-01,34.08000183105469,34.29999923706055,32.90999984741211,33.88999938964844,33.715240478515625,1874400
2022-06-02,33.84000015258789,36.0,33.7599983215332,35.75,35.565650939941406,2686900
2022-06-03,35.22999954223633,35.90999984741211,34.459999084472656,34.72999954223633,34.550907135009766,2341600
2022-06-06,35.04999923706055,35.599998474121094,34.0099983215332,35.56999969482422,35.38658142089844,2556500
2022-06-07,37.5099983215332,39.02899932861328,36.77000045776367,38.70000076293945,38.50043869018555,4905000
2022-06-08,38.630001068115234,38.88999938964844,37.93000030517578,38.220001220703125,38.022911071777344,2417400
2022-06-09,37.9900016784668,38.790000915527344,37.81999969482422,37.86000061035156,37.664772033691406,1972900
2022-06-10,36.779998779296875,37.56999969482422,36.22999954223633,36.630001068115234,36.44111251831055,2210400
2022-06-13,35.38999938964844,36.150001525878906,33.314998626708984,33.5099983215332,33.33720397949219,3152300
2022-06-14,33.56999969482422,34.755001068115234,33.43000030517578,34.2400016784668,34.06343460083008,2426800
2022-06-15,34.400001525878906,35.72999954223633,34.33000183105469,35.040000915527344,34.93583679199219,2909900
2022-06-16,33.95000076293945,34.38999938964844,32.86000061035156,33.130001068115234,33.031517028808594,2481100
2022-06-17,33.36000061035156,34.90999984741211,33.275001525878906,34.349998474121094,34.24788284301758,3401100
2022-06-21,35.279998779296875,36.255001068115234,35.04999923706055,36.060001373291016,35.95280456542969,3067600
2022-06-22,35.22999954223633,36.70600128173828,35.119998931884766,36.060001373291016,35.95280456542969,2348400
2022-06-23,35.900001525878906,36.939998626708984,35.689998626708984,36.720001220703125,36.610843658447266,1822500
2022-06-24,36.720001220703125,39.06999969482422,36.630001068115234,38.630001068115234,38.51516342163086,3710500
2022-06-27,38.75,39.189998626708984,37.709999084472656,38.29999923706055,38.18614196777344,2390200
2022-06-28,38.29999923706055,39.130001068115234,36.650001525878906,36.81999969482422,36.71054458618164,2215800
2022-06-29,36.58000183105469,36.61000061035156,35.209999084472656,35.900001525878906,35.793277740478516,3118600
2022-06-30,35.119998931884766,36.70899963378906,34.68000030517578,35.540000915527344,35.434349060058594,2598300
2022-07-01,35.16999816894531,35.47999954223633,34.12200164794922,34.9900016784668,34.885986328125,2241600
2022-07-05,34.310001373291016,36.58000183105469,33.81999969482422,36.560001373291016,36.451316833496094,2062100
2022-07-06,36.279998779296875,36.529998779296875,35.33000183105469,35.81999969482422,35.71351623535156,1509700
2022-07-07,36.06999969482422,37.720001220703125,36.040000915527344,37.689998626708984,37.57795715332031,1365400
2022-07-08,37.90999984741211,38.439998626708984,37.33000183105469,38.13999938964844,38.02661895751953,1270800
2022-07-11,38.04999923706055,38.529998779296875,37.34000015258789,37.38999938964844,37.27885055541992,1119100
2022-07-12,37.43000030517578,38.4900016784668,37.21500015258789,37.9900016784668,37.87706756591797,1444700
2022-07-13,37.41999816894531,38.849998474121094,37.40999984741211,38.75,38.63480758666992,1391700
2022-07-14,38.36000061035156,38.65999984741211,37.72999954223633,38.439998626708984,38.32572555541992,935500
2022-07-15,39.27000045776367,39.84000015258789,38.290000915527344,39.79999923706055,39.68168258666992,1862800
2022-07-18,40.06999969482422,40.97999954223633,39.76499938964844,40.029998779296875,39.9109992980957,1853700
2022-07-19,40.720001220703125,41.59000015258789,40.47999954223633,41.5,41.37663269042969,1897400
2022-07-20,41.5,42.9900016784668,41.369998931884766,42.900001525878906,42.7724723815918,1697300
2022-07-21,42.68000030517578,43.58000183105469,42.150001525878906,43.56999969482422,43.44047927856445,1097200
2022-07-22,43.0,44.470001220703125,42.915000915527344,43.45000076293945,43.320838928222656,1971400
2022-07-25,43.779998779296875,44.25,42.47999954223633,42.880001068115234,42.752532958984375,1884600
2022-07-26,41.209999084472656,41.255001068115234,39.840999603271484,39.959999084472656,39.841209411621094,1997400
2022-07-27,40.470001220703125,41.220001220703125,39.665000915527344,40.77000045776367,40.648799896240234,1135400
2022-07-28,40.95000076293945,42.22999954223633,40.439998626708984,42.150001525878906,42.02470016479492,1067800
2022-07-29,42.369998931884766,43.224998474121094,41.650001525878906,43.029998779296875,42.90208435058594,1355600
2022-08-01,42.400001525878906,44.17499923706055,42.400001525878906,43.86000061035156,43.729618072509766,1290300
2022-08-02,43.70000076293945,44.029998779296875,43.150001525878906,43.27000045776367,43.14137268066406,914900
2022-08-03,43.650001525878906,44.33000183105469,43.060001373291016,43.900001525878906,43.76949691772461,1209400
2022-08-04,43.88999938964844,44.06999969482422,42.970001220703125,43.0,42.87217330932617,969200
2022-08-05,42.529998779296875,43.060001373291016,42.029998779296875,43.060001373291016,42.93199920654297,1085400
2022-08-08,43.41999816894531,45.689998626708984,43.349998474121094,44.72999954223633,44.59703063964844,1509500
2022-08-09,44.709999084472656,44.724998474121094,41.915000915527344,42.47999954223633,42.353721618652344,1525900
2022-08-10,43.61000061035156,44.90999984741211,43.220001220703125,44.880001068115234,44.746585845947266,1459700
2022-08-11,45.33000183105469,46.724998474121094,45.279998779296875,46.5,46.36176681518555,1698800
2022-08-12,46.849998474121094,47.20000076293945,45.869998931884766,47.0,46.86027908325195,1403200
2022-08-15,46.75,47.33000183105469,46.349998474121094,47.29999923706055,47.15938949584961,1253000
2022-08-16,46.91999816894531,50.0,46.91999816894531,48.459999084472656,48.315940856933594,2244500
2022-08-17,47.63999938964844,48.4900016784668,47.310001373291016,47.630001068115234,47.48841094970703,1435500
2022-08-18,47.380001068115234,47.380001068115234,46.34000015258789,47.25,47.10953903198242,1013500
2022-08-19,46.75,47.165000915527344,46.48500061035156,46.619998931884766,46.48141098022461,883800
2022-08-22,45.56999969482422,46.18000030517578,45.189998626708984,45.349998474121094,45.215187072753906,1300900
2022-08-23,45.720001220703125,47.2400016784668,45.150001525878906,45.310001373291016,45.17530822753906,1556800
2022-08-24,45.130001068115234,45.97999954223633,44.86199951171875,45.189998626708984,45.0556640625,865000
2022-08-25,45.40999984741211,46.560001373291016,44.91999816894531,46.2400016784668,46.102542877197266,851100
2022-08-26,46.470001220703125,46.880001068115234,44.279998779296875,44.369998931884766,44.23809814453125,1240900
2022-08-29,43.70000076293945,45.130001068115234,43.09000015258789,44.77000045776367,44.63691329956055,1057000
2022-08-30,44.77000045776367,45.220001220703125,43.880001068115234,44.0,43.86920166015625,1477200
2022-08-31,43.88999938964844,43.90999984741211,42.41999816894531,43.08000183105469,42.95193862915039,1630800
2022-09-01,42.38999938964844,43.32500076293945,42.130001068115234,43.25,43.121429443359375,1445700
2022-09-02,44.22999954223633,44.22999954223633,42.310001373291016,42.720001220703125,42.5930061340332,1301700
2022-09-06,42.439998626708984,42.939998626708984,41.4379997253418,41.93000030517578,41.80535125732422,2433500
2022-09-07,45.41999816894531,48.439998626708984,44.5,47.810001373291016,47.66787338256836,6764100
2022-09-08,47.5099983215332,49.72999954223633,47.38999938964844,48.279998779296875,48.136474609375,2683700
2022-09-09,48.58000183105469,49.86000061035156,47.875,49.560001373291016,49.41267395019531,2485500
2022-09-12,49.939998626708984,51.5099983215332,49.939998626708984,50.66999816894531,50.519371032714844,2419100
2022-09-13,48.939998626708984,49.599998474121094,47.849998474121094,48.459999084472656,48.315940856933594,2223800
2022-09-14,48.540000915527344,48.61000061035156,47.0099983215332,47.810001373291016,47.741764068603516,1517000
2022-09-15,47.97999954223633,48.79499816894531,47.45000076293945,48.04999923706055,47.981422424316406,1233100
2022-09-16,47.13999938964844,47.779998779296875,46.720001220703125,47.15999984741211,47.09269332885742,2745400
2022-09-19,46.619998931884766,48.77000045776367,46.54999923706055,48.33000183105469,48.261024475097656,1699300
2022-09-20,47.63999938964844,47.70000076293945,46.720001220703125,47.130001068115234,47.06273651123047,1282400
2022-09-21,47.52000045776367,48.09000015258789,45.91999816894531,45.959999084472656,45.89440155029297,1339700
2022-09-22,45.65999984741211,45.9900016784668,44.34000015258789,44.9900016784668,44.92578887939453,1578600
2022-09-23,44.04999923706055,44.81999969482422,43.130001068115234,44.290000915527344,44.22678756713867,1665500
2022-09-26,43.900001525878906,45.27000045776367,42.880001068115234,42.90999984741211,42.848758697509766,1726900
2022-09-27,43.61000061035156,45.869998931884766,43.61000061035156,45.31999969482422,45.25531768798828,2510200
2022-09-28,45.29999923706055,48.040000915527344,45.20000076293945,47.630001068115234,47.5620231628418,2276900
2022-09-29,46.9900016784668,47.11000061035156,45.064998626708984,45.15999984741211,45.09554672241211,1581700
2022-09-30,43.22999954223633,43.79999923706055,40.900001525878906,42.18000030517578,42.11980056762695,4086900
2022-10-03,42.77000045776367,44.57500076293945,42.47999954223633,44.130001068115234,44.0670166015625,2114600
2022-10-04,45.5099983215332,46.39500045776367,44.59000015258789,45.599998474121094,45.534915924072266,1912700
2022-10-05,44.970001220703125,46.09000015258789,44.09000015258789,45.5099983215332,45.445045471191406,1015300
2022-10-06,45.75,46.43000030517578,45.040000915527344,45.709999084472656,45.64476013183594,920600
2022-10-07,44.959999084472656,45.290000915527344,44.0099983215332,44.560001373291016,44.496402740478516,1228700
2022-10-10,44.709999084472656,44.76499938964844,43.15999984741211,43.79999923706055,43.73748779296875,1137100
2022-10-11,43.5,45.58000183105469,43.5,44.11000061035156,44.04704666137695,1321100
2022-10-12,44.209999084472656,44.95000076293945,43.52000045776367,44.90999984741211,44.84590148925781,1060200
2022-10-13,43.7599983215332,45.459999084472656,42.369998931884766,44.84000015258789,44.776004791259766,1229400
2022-10-14,45.43000030517578,45.56999969482422,43.91999816894531,44.08000183105469,44.01708984375,1267400
2022-10-17,45.06999969482422,45.33000183105469,43.970001220703125,44.630001068115234,44.56630325317383,1481400
2022-10-18,46.0,46.25,44.540000915527344,45.40999984741211,45.34518814086914,1330500
2022-10-19,44.459999084472656,45.040000915527344,42.70800018310547,43.369998931884766,43.308101654052734,1777800
2022-10-20,43.83000183105469,44.81999969482422,42.209999084472656,42.25,42.189701080322266,1138300
2022-10-21,42.439998626708984,43.255001068115234,41.970001220703125,42.959999084472656,42.898685455322266,1168300
2022-10-24,43.18600082397461,44.7599983215332,42.459999084472656,44.25,44.18684387207031,1456600
2022-10-25,44.52000045776367,46.130001068115234,44.415000915527344,45.52000045776367,45.45503234863281,1613200
2022-10-26,45.65999984741211,46.34000015258789,44.5,44.65999984741211,44.59626007080078,1013200
2022-10-27,44.59000015258789,45.03499984741211,43.61000061035156,43.83000183105469,43.7674446105957,1933500
2022-10-28,43.97999954223633,44.849998474121094,42.88999938964844,44.540000915527344,44.47643280029297,1121600
2022-10-31,44.619998931884766,44.89500045776367,43.52000045776367,44.029998779296875,43.967159271240234,1226100
2022-11-01,44.709999084472656,45.02000045776367,43.380001068115234,44.119998931884766,44.057029724121094,1180200
2022-11-02,43.7400016784668,44.189998626708984,42.38999938964844,42.400001525878906,42.33948516845703,1524000
2022-11-03,42.130001068115234,42.29999923706055,41.09000015258789,41.66999816894531,41.61052703857422,1481200
2022-11-04,42.45000076293945,42.869998931884766,40.66999816894531,42.040000915527344,41.97999954223633,1531000
2022-11-07,42.290000915527344,43.380001068115234,41.650001525878906,43.18000030517578,43.11837387084961,1762100
2022-11-08,43.25,43.369998931884766,41.279998779296875,41.88999938964844,41.8302116394043,1111700
2022-11-09,41.310001373291016,42.3849983215332,40.779998779296875,41.689998626708984,41.630496978759766,1150000
2022-11-10,43.97999954223633,45.029998779296875,42.880001068115234,43.40999984741211,43.348045349121094,1847600
2022-11-11,43.84000015258789,44.435001373291016,43.064998626708984,44.310001373291016,44.246761322021484,1766100
2022-11-14,44.040000915527344,46.09000015258789,43.7599983215332,45.119998931884766,45.05560302734375,1817600
2022-11-15,46.20000076293945,49.619998931884766,46.20000076293945,48.060001373291016,47.99140930175781,2310700
2022-11-16,46.650001525878906,46.779998779296875,44.029998779296875,44.75,44.68613052368164,1976700
2022-11-17,44.560001373291016,47.380001068115234,44.22999954223633,47.34000015258789,47.27243423461914,1539700
2022-11-18,48.720001220703125,49.72999954223633,46.70100021362305,48.09000015258789,48.021366119384766,1622300
2022-11-21,47.54999923706055,48.810001373291016,47.36000061035156,48.779998779296875,48.71037673950195,1642800
2022-11-22,49.5,50.849998474121094,48.0,50.810001373291016,50.737483978271484,2067100
2022-11-23,50.720001220703125,52.34000015258789,50.119998931884766,52.0099983215332,51.935768127441406,1584600
2022-11-25,51.709999084472656,52.29999923706055,51.45000076293945,51.54999923706055,51.47642517089844,559700
2022-11-28,51.310001373291016,51.75,50.47999954223633,50.91999816894531,50.84732437133789,1419100
2022-11-29,50.58000183105469,51.0,49.91999816894531,50.04999923706055,49.97856521606445,1325900
2022-11-30,50.20000076293945,50.47999954223633,49.20000076293945,50.47999954223633,50.40795135498047,1785900
2022-12-01,50.939998626708984,51.060001373291016,49.310001373291016,49.47999954223633,49.40938186645508,1321400
2022-12-02,48.88999938964844,50.7599983215332,48.189998626708984,49.91999816894531,49.848751068115234,1506600
2022-12-05,49.0099983215332,49.11000061035156,47.380001068115234,48.2400016784668,48.17115020751953,1824000
2022-12-06,48.45000076293945,49.77000045776367,48.22999954223633,49.29999923706055,49.229637145996094,3206500
2022-12-07,49.939998626708984,57.56999969482422,49.849998474121094,56.869998931884766,56.78883361816406,7016400
2022-12-08,56.630001068115234,57.56999969482422,54.91999816894531,56.540000915527344,56.45930480957031,2668300
2022-12-09,56.0099983215332,56.099998474121094,52.90999984741211,54.45000076293945,54.37228775024414,2420200
2022-12-12,54.45000076293945,55.59000015258789,53.27000045776367,55.41999816894531,55.34090042114258,1450200
2022-12-13,56.95000076293945,57.849998474121094,54.2599983215332,54.83000183105469,54.751747131347656,1414700
2022-12-14,55.0,56.16999816894531,54.0,54.869998931884766,54.79168701171875,1481100
2022-12-15,54.0,54.1609992980957,52.82500076293945,53.5099983215332,53.43362808227539,1505700
2022-12-16,52.790000915527344,53.88999938964844,51.959999084472656,52.54999923706055,52.474998474121094,4134900
2022-12-19,52.689998626708984,53.349998474121094,51.33000183105469,51.400001525878906,51.400001525878906,1373400
2022-12-20,51.400001525878906,51.69499969482422,50.0099983215332,50.08000183105469,50.08000183105469,1299500
2022-12-21,51.279998779296875,51.93000030517578,50.400001525878906,51.130001068115234,51.130001068115234,1349400
2022-12-22,50.290000915527344,50.84000015258789,49.310001373291016,49.77000045776367,49.77000045776367,1380500
2022-12-23,49.72999954223633,51.439998626708984,49.5369987487793,51.400001525878906,51.400001525878906,1308400
2022-12-27,51.52000045776367,53.869998931884766,51.2599983215332,53.540000915527344,53.540000915527344,1573600
2022-12-28,53.5,53.779998779296875,51.349998474121094,51.849998474121094,51.849998474121094,1454000
2022-12-29,52.290000915527344,52.650001525878906,51.79999923706055,52.40999984741211,52.40999984741211,1451500
2022-12-30,52.02000045776367,52.875,51.849998474121094,52.540000915527344,52.540000915527344,1101100
2023-01-03,53.209999084472656,54.09000015258789,50.77000045776367,50.779998779296875,50.779998779296875,1763400
2023-01-04,50.650001525878906,52.0,50.380001068115234,51.83000183105469,51.83000183105469,1877600
2023-01-05,51.59000015258789,52.095001220703125,50.849998474121094,51.720001220703125,51.720001220703125,1077500
2023-01-06,51.79999923706055,54.33000183105469,51.79999923706055,52.58000183105469,52.58000183105469,1374900
2023-01-09,52.40999984741211,54.75,52.40999984741211,54.0,54.0,1410600
2023-01-10,53.959999084472656,55.119998931884766,53.099998474121094,55.09000015258789,55.09000015258789,1153000
2023-01-11,55.310001373291016,56.08000183105469,54.630001068115234,54.72999954223633,54.72999954223633,1363800
2023-01-12,54.970001220703125,55.7400016784668,54.29499816894531,55.380001068115234,55.380001068115234,1302600
2023-01-13,55.349998474121094,56.310001373291016,54.93000030517578,55.68000030517578,55.68000030517578,1116000
2023-01-17,55.130001068115234,56.11000061035156,54.91999816894531,55.88999938964844,55.88999938964844,1286400
2023-01-18,56.15999984741211,56.630001068115234,54.119998931884766,54.41999816894531,54.41999816894531,1347200
2023-01-19,53.72999954223633,53.95000076293945,52.290000915527344,52.90999984741211,52.90999984741211,1455400
2023-01-20,53.2599983215332,54.189998626708984,52.38999938964844,54.150001525878906,54.150001525878906,1071200
2023-01-23,54.459999084472656,55.27000045776367,53.9900016784668,54.88999938964844,54.88999938964844,1303200
2023-01-24,54.84000015258789,55.56999969482422,54.29999923706055,54.41999816894531,54.41999816894531,1043300
2023-01-25,53.83000183105469,54.8849983215332,53.38999938964844,54.869998931884766,54.869998931884766,1205000
2023-01-26,55.38999938964844,55.84000015258789,54.08000183105469,55.369998931884766,55.369998931884766,845300
2023-01-27,55.19499969482422,56.31999969482422,55.111000061035156,55.650001525878906,55.650001525878906,806500
2023-01-30,55.38999938964844,57.79999923706055,55.27000045776367,56.79999923706055,56.79999923706055,1309900
2023-01-31,57.0,58.439998626708984,56.70000076293945,58.41999816894531,58.41999816894531,1602700
2023-02-01,58.06999969482422,59.84000015258789,57.58000183105469,59.38999938964844,59.38999938964844,1451100
2023-02-02,59.79999923706055,63.540000915527344,59.79999923706055,62.20000076293945,62.20000076293945,2156300
2023-02-03,62.02000045776367,63.88999938964844,61.81999969482422,62.5099983215332,62.5099983215332,1233900
2023-02-06,61.9900016784668,62.970001220703125,60.540000915527344,61.25,61.25,1224700
2023-02-07,61.06999969482422,61.06999969482422,58.63999938964844,60.119998931884766,60.119998931884766,1445700
2023-02-08,59.20000076293945,59.70199966430664,58.33000183105469,58.779998779296875,58.779998779296875,961200
2023-02-09,60.0,60.0,57.404998779296875,57.5099983215332,57.5099983215332,842200
2023-02-10,57.150001525878906,57.470001220703125,56.040000915527344,57.380001068115234,57.380001068115234,818500
2023-02-13,57.900001525878906,58.4900016784668,56.40999984741211,58.43000030517578,58.43000030517578,913200
2023-02-14,58.0,58.599998474121094,57.18000030517578,58.18000030517578,58.18000030517578,761100
2023-02-15,57.709999084472656,60.189998626708984,57.619998931884766,60.0,60.0,955100
2023-02-16,60.53499984741211,61.83000183105469,59.599998474121094,60.970001220703125,60.970001220703125,1137800
2023-02-17,61.20000076293945,62.86000061035156,60.45000076293945,62.65999984741211,62.65999984741211,1480200
2023-02-21,61.540000915527344,61.72999954223633,58.91999816894531,59.0099983215332,59.0099983215332,1243000
2023-02-22,59.34000015258789,60.61000061035156,59.09000015258789,59.81999969482422,59.81999969482422,1084700
2023-02-23,59.459999084472656,60.75,58.380001068115234,59.59000015258789,59.59000015258789,682000
2023-02-24,58.599998474121094,59.900001525878906,58.130001068115234,59.54999923706055,59.54999923706055,919200
2023-02-27,60.15999984741211,60.869998931884766,58.784000396728516,59.310001373291016,59.310001373291016,684100
2023-02-28,59.45000076293945,60.119998931884766,59.099998474121094,59.150001525878906,59.150001525878906,838200
